<?xml version="1.0" encoding="UTF-8"?>
<DARoots Version="1" Minor="26">
  <FileSet Name="sources_1" Type="DesignSrcs" RelSrcDir="$PSRCDIR/sources_1">
    <Filter Type="Srcs"/>
    <File Path="$PSRCDIR/sources_1/ip/ram_1920x16/ram_1920x16.xci">
      <FileInfo>
        <Attr Name="UsedInSynthesis" Val="1"/>
        <Attr Name="UsedInImplementation" Val="1"/>
        <Attr Name="UsedInSimulation" Val="1"/>
      </FileInfo>
    </File>
    <File Path="$PSRCDIR/sources_1/imports/src/filter_sfifo.v">
      <FileInfo>
        <Attr Name="ImportPath" Val="$PPRDIR/../../../filter_ip_prj/filter_ip_prj.srcs/sources_1/imports/src/filter_sfifo.v"/>
        <Attr Name="ImportTime" Val="1398017763"/>
        <Attr Name="UsedInSynthesis" Val="1"/>
        <Attr Name="UsedInImplementation" Val="1"/>
        <Attr Name="UsedInSimulation" Val="1"/>
      </FileInfo>
    </File>
    <File Path="$PSRCDIR/sources_1/imports/src/filter_lbuf_ram_wrapper.v">
      <FileInfo>
        <Attr Name="ImportPath" Val="$PPRDIR/../../../filter_ip_prj/filter_ip_prj.srcs/sources_1/imports/src/filter_lbuf_ram_wrapper.v"/>
        <Attr Name="ImportTime" Val="1397922990"/>
        <Attr Name="UsedInSynthesis" Val="1"/>
        <Attr Name="UsedInImplementation" Val="1"/>
        <Attr Name="UsedInSimulation" Val="1"/>
      </FileInfo>
    </File>
    <File Path="$PSRCDIR/sources_1/new/filter_pipe_stage.v">
      <FileInfo>
        <Attr Name="UsedInSynthesis" Val="1"/>
        <Attr Name="UsedInImplementation" Val="1"/>
        <Attr Name="UsedInSimulation" Val="1"/>
      </FileInfo>
    </File>
    <File Path="$PSRCDIR/sources_1/imports/src/filter_multiplier_model.v">
      <FileInfo>
        <Attr Name="ImportPath" Val="$PPRDIR/../../../filter_ip_prj/filter_ip_prj.srcs/sources_1/imports/src/filter_multiplier_model.v"/>
        <Attr Name="ImportTime" Val="1398018260"/>
        <Attr Name="UsedInSynthesis" Val="1"/>
        <Attr Name="UsedInImplementation" Val="1"/>
        <Attr Name="UsedInSimulation" Val="1"/>
      </FileInfo>
    </File>
    <File Path="$PSRCDIR/sources_1/imports/src/filter_lbuf.v">
      <FileInfo>
        <Attr Name="ImportPath" Val="$PPRDIR/../../../filter_ip_prj/filter_ip_prj.srcs/sources_1/imports/src/filter_lbuf.v"/>
        <Attr Name="ImportTime" Val="1398017998"/>
        <Attr Name="UsedInSynthesis" Val="1"/>
        <Attr Name="UsedInImplementation" Val="1"/>
        <Attr Name="UsedInSimulation" Val="1"/>
      </FileInfo>
    </File>
    <File Path="$PSRCDIR/sources_1/imports/src/filter_fifo_top.v">
      <FileInfo>
        <Attr Name="ImportPath" Val="$PPRDIR/../../../filter_ip_prj/filter_ip_prj.srcs/sources_1/imports/src/filter_fifo_top.v"/>
        <Attr Name="ImportTime" Val="1398017763"/>
        <Attr Name="UsedInSynthesis" Val="1"/>
        <Attr Name="UsedInImplementation" Val="1"/>
        <Attr Name="UsedInSimulation" Val="1"/>
      </FileInfo>
    </File>
    <File Path="$PSRCDIR/sources_1/imports/src/filter_ctrl.v">
      <FileInfo>
        <Attr Name="ImportPath" Val="$PPRDIR/../../../filter_ip_prj/filter_ip_prj.srcs/sources_1/imports/src/filter_ctrl.v"/>
        <Attr Name="ImportTime" Val="1398019330"/>
        <Attr Name="UsedInSynthesis" Val="1"/>
        <Attr Name="UsedInImplementation" Val="1"/>
        <Attr Name="UsedInSimulation" Val="1"/>
      </FileInfo>
    </File>
    <File Path="$PSRCDIR/sources_1/imports/filter_ip/filter_debug.v">
      <FileInfo>
        <Attr Name="ImportPath" Val="$PPRDIR/../../../../Desktop/filter_ip/filter_debug.v"/>
        <Attr Name="ImportTime" Val="1401575367"/>
        <Attr Name="UsedInSynthesis" Val="1"/>
        <Attr Name="UsedInImplementation" Val="1"/>
        <Attr Name="UsedInSimulation" Val="1"/>
      </FileInfo>
    </File>
    <File Path="$PSRCDIR/sources_1/imports/src/filter_ip_top.v">
      <FileInfo>
        <Attr Name="ImportPath" Val="$PPRDIR/../../../filter_ip_prj/filter_ip_prj.srcs/sources_1/imports/src/filter_ip_top.v"/>
        <Attr Name="ImportTime" Val="1398018779"/>
        <Attr Name="UsedInSynthesis" Val="1"/>
        <Attr Name="UsedInImplementation" Val="1"/>
        <Attr Name="UsedInSimulation" Val="1"/>
      </FileInfo>
    </File>
    <File Path="$PSRCDIR/sources_1/edk/module_1/module_1.xmp">
      <FileInfo>
        <Attr Name="UsedInSynthesis" Val="1"/>
        <Attr Name="UsedInImplementation" Val="1"/>
        <Attr Name="UsedInSimulation" Val="1"/>
      </FileInfo>
    </File>
    <File Path="$PSRCDIR/sources_1/edk/module_1/module_1_stub.v">
      <FileInfo>
        <Attr Name="ImportPath" Val="$PSRCDIR/sources_1/edk/module_1/module_1_stub.v"/>
        <Attr Name="ImportTime" Val="1393712542"/>
        <Attr Name="UsedInSynthesis" Val="1"/>
        <Attr Name="UsedInImplementation" Val="1"/>
        <Attr Name="UsedInSimulation" Val="1"/>
      </FileInfo>
    </File>
    <Config>
      <Option Name="DesignMode" Val="RTL"/>
      <Option Name="TopModule" Val="module_1_stub"/>
      <Option Name="TopLib" Val="work"/>
      <Option Name="TopRTLFile" Val="$PSRCDIR/sources_1/edk/module_1/module_1_stub.v"/>
      <Option Name="TopAutoSet" Val="TRUE"/>
    </Config>
  </FileSet>
</DARoots>
