<?xml version="1.0" encoding="UTF-8"?>
<DARoots Version="1" Minor="26">
  <FileSet Name="sim_1" Type="SimulationSrcs" RelSrcDir="$PSRCDIR/sim_1">
    <Filter Type="Srcs"/>
    <File Path="$PSRCDIR/sim_1/imports/filter_ip/axi4s_injector.v">
      <FileInfo>
        <Attr Name="ImportPath" Val="$PPRDIR/../../../../Desktop/filter_ip/axi4s_injector.v"/>
        <Attr Name="ImportTime" Val="1399831559"/>
        <Attr Name="UsedInSynthesis" Val="1"/>
        <Attr Name="UsedInImplementation" Val="1"/>
        <Attr Name="UsedInSimulation" Val="1"/>
      </FileInfo>
    </File>
    <File Path="$PSRCDIR/sim_1/imports/filter_ip/tb.v">
      <FileInfo>
        <Attr Name="ImportPath" Val="$PPRDIR/../../../../Desktop/filter_ip/tb.v"/>
        <Attr Name="ImportTime" Val="1399832525"/>
        <Attr Name="UsedInSynthesis" Val="1"/>
        <Attr Name="UsedInImplementation" Val="1"/>
        <Attr Name="UsedInSimulation" Val="1"/>
      </FileInfo>
    </File>
    <Config>
      <Option Name="DesignMode" Val="RTL"/>
      <Option Name="TopModule" Val="tb"/>
      <Option Name="TopLib" Val="work"/>
      <Option Name="TopRTLFile" Val="$PSRCDIR/sources_1/edk/module_1/module_1_stub.v"/>
      <Option Name="SimMode" Val="post-implementation"/>
      <Option Name="SrcSet" Val="sources_1"/>
    </Config>
  </FileSet>
</DARoots>
